{
  "assetsByChunkName": {
    "vendors~app-account~app-confirmation~app-order": "chunk.760177832fd482ff4a6c.js",
    "vendors~app-account~app-checkout": "chunk.45f28377a74ee9a320b8.js",
    "admin": [
      "admin.21dddbc871a865e41c49.js",
      "admin.21dddbc871a865e41c49.js.map"
    ],
    "app-account": "chunk.91e29a6276d0bf46d247.js",
    "app-cart": "chunk.dadb8bf31d768ef87859.js",
    "app-checkout": "chunk.40b5fdc3c9bafc68ffcd.js",
    "app-confirmation": "chunk.aa5e6aef2598b8ebfd13.js",
    "checkout": [
      "checkout.a11889c3433bddd694fc.js",
      "checkout.a11889c3433bddd694fc.js.map"
    ],
    "storefront": [
      "storefront.a62689540c1cf3df95f4.css",
      "storefront.ab25c6c1ef02b2444a21.js",
      "storefront.a62689540c1cf3df95f4.css.map",
      "storefront.ab25c6c1ef02b2444a21.js.map"
    ],
    "vendors~app-cart": "chunk.a6e706b24629572d1588.js",
    "vendors~app-checkout": "chunk.79d6c17f8ee70816e90c.js",
    "vendors~app-order": "chunk.4aa9bfe870d88d81f6fb.js"
  }
}