{
  "marketing_stripe": {
    "text": "Frete grátis acima de R$ 100,00",
    "link": ""
  },
  "contacts_stripe": {
    "pages": [
      {
        "title": "Sobre nós",
        "link": "/pages/sobre-nos"
      },
      {
        "title": "Granolas Tia Sônia",
        "link": "https://www.emporiotiasonia.com.br/"
      }
    ],
    "phone_wpp": true,
    "socials": false
  },
  "categories_list": {
    "featured": [],
    "random": 0,
    "full_width": false
  },
  "desktop_megamenu": true,
  "search_input": false
}
