{
  "meta_title": "Ultrabar: Alimenta quem se movimenta",
  "meta_description": "Alimenta quem se movimenta! Ultrabar é aquela energia extra quando você mais precisa.",
  "sections": [
    {
      "type": "banner-slider",
      "autoplay": 9000,
      "full_width": true,
      "slides": [
        {
          "img": "/img/uploads/ultrabar-hero.webp",
          "mobile_img": "/img/uploads/ultrabar-hero__mobile.webp",
          "link": "",
          "alt": "Ultrabar: Alimenta quem se movimenta"
        }
      ]
    },
    {
      "type": "info-bar",
      "enabled": false
    },
    {
      "type": "dynamic-showcase",
      "load_more": true,
      "sort": "views"
    }
  ]
}
